rollout/ep_rew_mean,time-step
23.227272727272727,2048
27.29,4096
36.95,6144
48.01,8192
61.26,10240
74.01,12288
88.08,14336
108.29,16384
122.36,18432
140.66,20480
159.28,22528
175.03,24576
192.55,26624
213.91,28672
230.65,30720
246.57,32768
263.65,34816
280.93,36864
298.64,38912
313.3,40960
328.28,43008
349.32,45056
366.47,47104
381.14,49152
395.49,51200
410.34,53248
420.47,55296
433.11,57344
444.31,59392
455.06,61440
466.32,63488
480.98,65536
485.9,67584
492.97,69632
496.26,71680
496.99,73728
498.25,75776
498.25,77824
500.0,79872
500.0,81920
500.0,83968
500.0,86016
500.0,88064
500.0,90112
500.0,92160
500.0,94208
500.0,96256
500.0,98304
500.0,100352
